date,pm25
01-01-2018 00:00,423
01-01-2018 01:00,414
01-01-2018 02:00,417
01-01-2018 03:00,466
01-01-2018 04:00,470
01-01-2018 05:00,449
01-01-2018 06:00,404
01-01-2018 07:00,380
01-01-2018 08:00,371
01-01-2018 09:00,332
01-01-2018 10:00,336
01-01-2018 11:00,382
01-01-2018 12:00,411
01-01-2018 13:00,426
01-01-2018 14:00,420
01-01-2018 15:00,330
01-01-2018 16:00,320
01-01-2018 17:00,301
01-01-2018 18:00,386
01-01-2018 19:00,480
01-01-2018 20:00,472
01-01-2018 21:00,444
01-01-2018 22:00,438
01-01-2018 23:00,448
02-01-2018 00:00,492
02-01-2018 01:00,446
02-01-2018 02:00,341
02-01-2018 03:00,342
02-01-2018 04:00,337
02-01-2018 05:00,362
02-01-2018 06:00,384
02-01-2018 07:00,394
02-01-2018 08:00,364
02-01-2018 09:00,350
02-01-2018 10:00,348
02-01-2018 11:00,367
02-01-2018 12:00,367
02-01-2018 13:00,365
02-01-2018 14:00,404
02-01-2018 15:00,380
02-01-2018 16:00,351
02-01-2018 17:00,333
02-01-2018 18:00,357
02-01-2018 19:00,356
02-01-2018 20:00,365
02-01-2018 21:00,423
02-01-2018 22:00,445
02-01-2018 23:00,439
03-01-2018 00:00,362
03-01-2018 01:00,360
03-01-2018 02:00,324
03-01-2018 03:00,346
03-01-2018 04:00,321
03-01-2018 05:00,311
03-01-2018 06:00,310
03-01-2018 07:00,316
03-01-2018 08:00,300
03-01-2018 09:00,301
03-01-2018 10:00,321
03-01-2018 11:00,338
03-01-2018 12:00,359
03-01-2018 13:00,365
03-01-2018 14:00,343
03-01-2018 15:00,334
03-01-2018 16:00,375
03-01-2018 17:00,364
03-01-2018 18:00,367
03-01-2018 19:00,361
03-01-2018 20:00,393
03-01-2018 21:00,333
03-01-2018 22:00,315
03-01-2018 23:00,316
04-01-2018 00:00,373
04-01-2018 01:00,329
04-01-2018 02:00,301
04-01-2018 03:00,143
04-01-2018 04:00,150
04-01-2018 05:00,171
04-01-2018 06:00,170
04-01-2018 07:00,204
04-01-2018 08:00,178
04-01-2018 09:00,158
04-01-2018 10:00,190
04-01-2018 11:00,305
04-01-2018 12:00,325
04-01-2018 13:00,399
04-01-2018 14:00,388
04-01-2018 15:00,345
04-01-2018 16:00,364
04-01-2018 17:00,470
04-01-2018 18:00,416
04-01-2018 19:00,393
04-01-2018 20:00,387
04-01-2018 21:00,376
04-01-2018 22:00,409
04-01-2018 23:00,420
05-01-2018 00:00,437
05-01-2018 01:00,391
05-01-2018 02:00,346
05-01-2018 03:00,329
05-01-2018 04:00,341
05-01-2018 05:00,353
05-01-2018 06:00,326
05-01-2018 07:00,335
05-01-2018 08:00,323
05-01-2018 09:00,319
05-01-2018 10:00,320
05-01-2018 11:00,354
05-01-2018 12:00,359
05-01-2018 13:00,341
05-01-2018 14:00,294
05-01-2018 15:00,171
05-01-2018 16:00,170
05-01-2018 17:00,414
05-01-2018 18:00,379
05-01-2018 19:00,358
05-01-2018 20:00,368
05-01-2018 21:00,375
05-01-2018 22:00,386
05-01-2018 23:00,412
06-01-2018 00:00,409
06-01-2018 01:00,410
06-01-2018 02:00,346
06-01-2018 03:00,241
06-01-2018 04:00,346
06-01-2018 05:00,357
06-01-2018 06:00,345
06-01-2018 07:00,359
06-01-2018 08:00,371
06-01-2018 09:00,327
06-01-2018 10:00,318
06-01-2018 11:00,320
06-01-2018 12:00,345
06-01-2018 13:00,353
06-01-2018 14:00,398
06-01-2018 15:00,415
06-01-2018 16:00,356
06-01-2018 17:00,327
06-01-2018 18:00,250
06-01-2018 19:00,245
06-01-2018 20:00,322
06-01-2018 21:00,348
06-01-2018 22:00,403
06-01-2018 23:00,452
07-01-2018 00:00,431
07-01-2018 01:00,370
07-01-2018 02:00,412
07-01-2018 03:00,354
07-01-2018 04:00,308
07-01-2018 05:00,364
07-01-2018 06:00,375
07-01-2018 07:00,388
07-01-2018 08:00,348
07-01-2018 09:00,322
07-01-2018 10:00,169
07-01-2018 11:00,225
07-01-2018 12:00,260
07-01-2018 13:00,242
07-01-2018 14:00,79
07-01-2018 15:00,58
07-01-2018 16:00,77
07-01-2018 17:00,76
07-01-2018 18:00,86
07-01-2018 19:00,106
07-01-2018 20:00,301
07-01-2018 21:00,398
07-01-2018 22:00,404
07-01-2018 23:00,374
08-01-2018 00:00,334
08-01-2018 01:00,323
08-01-2018 02:00,349
08-01-2018 03:00,356
08-01-2018 04:00,344
08-01-2018 05:00,355
08-01-2018 06:00,334
08-01-2018 07:00,340
08-01-2018 08:00,289
08-01-2018 09:00,280
08-01-2018 10:00,339
08-01-2018 11:00,342
08-01-2018 12:00,317
08-01-2018 13:00,224
08-01-2018 14:00,65
08-01-2018 15:00,55
08-01-2018 16:00,94
08-01-2018 17:00,82
08-01-2018 18:00,83
08-01-2018 19:00,120
08-01-2018 20:00,235
08-01-2018 21:00,397
08-01-2018 22:00,407
08-01-2018 23:00,375
09-01-2018 00:00,403
09-01-2018 01:00,422
09-01-2018 02:00,407
09-01-2018 03:00,471
09-01-2018 04:00,425
09-01-2018 05:00,389
09-01-2018 06:00,355
09-01-2018 07:00,370
09-01-2018 08:00,328
09-01-2018 09:00,313
09-01-2018 10:00,373
09-01-2018 11:00,372
09-01-2018 12:00,322
09-01-2018 13:00,229
09-01-2018 14:00,130
09-01-2018 15:00,131
09-01-2018 16:00,155
09-01-2018 17:00,230
09-01-2018 18:00,295
09-01-2018 19:00,307
09-01-2018 20:00,345
09-01-2018 21:00,377
09-01-2018 22:00,369
09-01-2018 23:00,320
10-01-2018 00:00,368
10-01-2018 01:00,329
10-01-2018 02:00,393
10-01-2018 03:00,401
10-01-2018 04:00,414
10-01-2018 05:00,374
10-01-2018 06:00,332
10-01-2018 07:00,342
10-01-2018 08:00,305
10-01-2018 09:00,298
10-01-2018 10:00,309
10-01-2018 11:00,311
10-01-2018 12:00,312
10-01-2018 13:00,237
10-01-2018 14:00,126
10-01-2018 15:00,134
10-01-2018 16:00,103
10-01-2018 17:00,103
10-01-2018 18:00,134
10-01-2018 19:00,211
10-01-2018 20:00,347
10-01-2018 21:00,390
10-01-2018 22:00,386
10-01-2018 23:00,375
11-01-2018 00:00,363
11-01-2018 01:00,368
11-01-2018 02:00,360
11-01-2018 03:00,340
11-01-2018 04:00,326
11-01-2018 05:00,314
11-01-2018 06:00,279
11-01-2018 07:00,337
11-01-2018 08:00,315
11-01-2018 09:00,241
11-01-2018 10:00,309
11-01-2018 11:00,308
11-01-2018 12:00,278
11-01-2018 13:00,145
11-01-2018 14:00,94
11-01-2018 15:00,117
11-01-2018 16:00,122
11-01-2018 17:00,80
11-01-2018 18:00,73
11-01-2018 19:00,161
11-01-2018 20:00,244
11-01-2018 21:00,260
11-01-2018 22:00,286
11-01-2018 23:00,340
12-01-2018 00:00,347
12-01-2018 01:00,343
12-01-2018 02:00,334
12-01-2018 03:00,340
12-01-2018 04:00,328
12-01-2018 05:00,242
12-01-2018 06:00,256
12-01-2018 07:00,322
12-01-2018 08:00,254
12-01-2018 09:00,223
12-01-2018 10:00,256
12-01-2018 11:00,236
12-01-2018 12:00,280
12-01-2018 13:00,240
12-01-2018 14:00,230
12-01-2018 15:00,139
12-01-2018 16:00,164
12-01-2018 17:00,67
12-01-2018 18:00,151
12-01-2018 19:00,207
12-01-2018 20:00,215
12-01-2018 21:00,317
12-01-2018 22:00,402
12-01-2018 23:00,399
13-01-2018 00:00,384
13-01-2018 01:00,390
13-01-2018 02:00,425
13-01-2018 03:00,392
13-01-2018 04:00,353
13-01-2018 05:00,352
13-01-2018 06:00,355
13-01-2018 07:00,395
13-01-2018 08:00,400
13-01-2018 09:00,381
13-01-2018 10:00,335
13-01-2018 11:00,350
13-01-2018 12:00,318
13-01-2018 13:00,189
13-01-2018 14:00,175
13-01-2018 15:00,124
13-01-2018 16:00,272
13-01-2018 17:00,140
13-01-2018 18:00,97
13-01-2018 19:00,145
13-01-2018 20:00,194
13-01-2018 21:00,316
13-01-2018 22:00,365
13-01-2018 23:00,413
14-01-2018 00:00,405
14-01-2018 01:00,399
14-01-2018 02:00,452
14-01-2018 03:00,433
14-01-2018 04:00,410
14-01-2018 05:00,325
14-01-2018 06:00,166
14-01-2018 07:00,293
14-01-2018 08:00,245
14-01-2018 09:00,261
14-01-2018 10:00,315
14-01-2018 11:00,304
14-01-2018 12:00,188
14-01-2018 13:00,162
14-01-2018 14:00,106
14-01-2018 15:00,104
14-01-2018 16:00,86
14-01-2018 17:00,75
14-01-2018 18:00,87
14-01-2018 19:00,163
14-01-2018 20:00,202
14-01-2018 21:00,303
14-01-2018 22:00,335
14-01-2018 23:00,394
15-01-2018 00:00,401
15-01-2018 01:00,405
15-01-2018 02:00,390
15-01-2018 03:00,347
15-01-2018 04:00,373
15-01-2018 05:00,430
15-01-2018 06:00,359
15-01-2018 07:00,295
15-01-2018 08:00,317
15-01-2018 09:00,330
15-01-2018 10:00,331
15-01-2018 11:00,317
15-01-2018 12:00,159
15-01-2018 13:00,82
15-01-2018 14:00,14
15-01-2018 15:00,30
15-01-2018 16:00,54
15-01-2018 17:00,57
15-01-2018 18:00,230
15-01-2018 19:00,305
15-01-2018 20:00,311
15-01-2018 21:00,266
15-01-2018 22:00,262
15-01-2018 23:00,319
16-01-2018 00:00,352
16-01-2018 01:00,293
16-01-2018 02:00,195
16-01-2018 03:00,226
16-01-2018 04:00,143
16-01-2018 05:00,180
16-01-2018 06:00,259
16-01-2018 07:00,264
16-01-2018 08:00,114
16-01-2018 09:00,94
16-01-2018 10:00,134
16-01-2018 11:00,224
16-01-2018 12:00,265
16-01-2018 13:00,165
16-01-2018 14:00,90
16-01-2018 15:00,101
16-01-2018 16:00,104
16-01-2018 17:00,85
16-01-2018 18:00,98
16-01-2018 19:00,136
16-01-2018 20:00,263
16-01-2018 21:00,307
16-01-2018 22:00,325
16-01-2018 23:00,411
17-01-2018 00:00,389
17-01-2018 01:00,374
17-01-2018 02:00,317
17-01-2018 03:00,367
17-01-2018 04:00,363
17-01-2018 05:00,335
17-01-2018 06:00,393
17-01-2018 07:00,384
17-01-2018 08:00,365
17-01-2018 09:00,349
17-01-2018 10:00,357
17-01-2018 11:00,346
17-01-2018 12:00,368
17-01-2018 13:00,334
17-01-2018 14:00,311
17-01-2018 15:00,310
17-01-2018 16:00,288
17-01-2018 17:00,189
17-01-2018 18:00,308
17-01-2018 19:00,330
17-01-2018 20:00,369
17-01-2018 21:00,378
17-01-2018 22:00,383
17-01-2018 23:00,375
18-01-2018 00:00,389
18-01-2018 01:00,398
18-01-2018 02:00,423
18-01-2018 03:00,419
18-01-2018 04:00,400
18-01-2018 05:00,398
18-01-2018 06:00,380
18-01-2018 07:00,398
18-01-2018 08:00,386
18-01-2018 09:00,368
18-01-2018 10:00,413
18-01-2018 11:00,388
18-01-2018 12:00,313
18-01-2018 13:00,180
18-01-2018 14:00,220
18-01-2018 15:00,198
18-01-2018 16:00,262
18-01-2018 17:00,238
18-01-2018 18:00,317
18-01-2018 19:00,326
18-01-2018 20:00,334
18-01-2018 21:00,382
18-01-2018 22:00,410
18-01-2018 23:00,486
19-01-2018 00:00,478
19-01-2018 01:00,443
19-01-2018 02:00,440
19-01-2018 03:00,412
19-01-2018 04:00,433
19-01-2018 05:00,402
19-01-2018 06:00,409
19-01-2018 07:00,471
19-01-2018 08:00,446
19-01-2018 09:00,413
19-01-2018 10:00,362
19-01-2018 11:00,365
19-01-2018 12:00,351
19-01-2018 13:00,330
19-01-2018 14:00,310
19-01-2018 15:00,321
19-01-2018 16:00,321
19-01-2018 17:00,286
19-01-2018 18:00,267
19-01-2018 19:00,246
19-01-2018 20:00,361
19-01-2018 21:00,418
19-01-2018 22:00,455
19-01-2018 23:00,435
20-01-2018 00:00,415
20-01-2018 01:00,356
20-01-2018 02:00,367
20-01-2018 03:00,416
20-01-2018 04:00,410
20-01-2018 05:00,355
20-01-2018 06:00,382
20-01-2018 07:00,390
20-01-2018 08:00,345
20-01-2018 09:00,327
20-01-2018 10:00,325
20-01-2018 11:00,306
20-01-2018 12:00,150
20-01-2018 13:00,83
20-01-2018 14:00,52
20-01-2018 15:00,59
20-01-2018 16:00,70
20-01-2018 17:00,69
20-01-2018 18:00,83
20-01-2018 19:00,126
20-01-2018 20:00,175
20-01-2018 21:00,311
20-01-2018 22:00,338
20-01-2018 23:00,339
21-01-2018 00:00,352
21-01-2018 01:00,331
21-01-2018 02:00,375
21-01-2018 03:00,351
21-01-2018 04:00,330
21-01-2018 05:00,328
21-01-2018 06:00,327
21-01-2018 07:00,339
21-01-2018 08:00,332
21-01-2018 09:00,322
21-01-2018 10:00,329
21-01-2018 11:00,329
21-01-2018 12:00,241
21-01-2018 13:00,126
21-01-2018 14:00,82
21-01-2018 15:00,62
21-01-2018 16:00,78
21-01-2018 17:00,56
21-01-2018 18:00,61
21-01-2018 19:00,85
21-01-2018 20:00,143
21-01-2018 21:00,267
21-01-2018 22:00,309
21-01-2018 23:00,353
22-01-2018 00:00,362
22-01-2018 01:00,336
22-01-2018 02:00,328
22-01-2018 03:00,340
22-01-2018 04:00,317
22-01-2018 05:00,291
22-01-2018 06:00,342
22-01-2018 07:00,414
22-01-2018 08:00,397
22-01-2018 09:00,418
22-01-2018 10:00,351
22-01-2018 11:00,147
22-01-2018 12:00,209
22-01-2018 13:00,182
22-01-2018 14:00,216
22-01-2018 15:00,131
22-01-2018 16:00,242
22-01-2018 17:00,295
22-01-2018 18:00,311
22-01-2018 19:00,311
22-01-2018 20:00,350
22-01-2018 21:00,342
22-01-2018 22:00,347
22-01-2018 23:00,339
23-01-2018 00:00,325
23-01-2018 01:00,313
23-01-2018 02:00,315
23-01-2018 03:00,318
23-01-2018 04:00,325
23-01-2018 05:00,332
23-01-2018 06:00,323
23-01-2018 07:00,316
23-01-2018 08:00,306
23-01-2018 09:00,315
23-01-2018 10:00,321
23-01-2018 11:00,305
23-01-2018 12:00,300
23-01-2018 13:00,101.5
23-01-2018 14:00,101.4
23-01-2018 15:00,94.44444444
23-01-2018 16:00,109.6
23-01-2018 17:00,108.6
23-01-2018 18:00,102.3
23-01-2018 19:00,113.4545455
23-01-2018 20:00,136.9090909
23-01-2018 21:00,178.2727273
23-01-2018 22:00,195.0909091
23-01-2018 23:00,206.3636364
24-01-2018 00:00,207.7272727
24-01-2018 01:00,223.2
24-01-2018 02:00,210.5454545
24-01-2018 03:00,225.7272727
24-01-2018 04:00,233.1818182
24-01-2018 05:00,266.9090909
24-01-2018 06:00,281.6
24-01-2018 07:00,325.9
24-01-2018 08:00,289
24-01-2018 09:00,281.3636364
24-01-2018 10:00,255.8181818
24-01-2018 11:00,175
24-01-2018 12:00,114.5454545
24-01-2018 13:00,89.5
24-01-2018 14:00,98.7
24-01-2018 15:00,87.88888889
24-01-2018 16:00,100
24-01-2018 17:00,101.5
24-01-2018 18:00,95.4
24-01-2018 19:00,107.5454545
24-01-2018 20:00,117.9090909
24-01-2018 21:00,140.6363636
24-01-2018 22:00,160.9090909
24-01-2018 23:00,169.8181818
25-01-2018 00:00,173.5454545
25-01-2018 01:00,186.2
25-01-2018 02:00,182.8181818
25-01-2018 03:00,206.0909091
25-01-2018 04:00,218.4545455
25-01-2018 05:00,235.8181818
25-01-2018 06:00,240.5
25-01-2018 07:00,292.2
25-01-2018 08:00,255.3333333
25-01-2018 09:00,245.4444444
25-01-2018 10:00,210.8888889
25-01-2018 11:00,143.8
25-01-2018 12:00,117.4
25-01-2018 13:00,113
25-01-2018 14:00,124
25-01-2018 15:00,122.1111111
25-01-2018 16:00,117.5555556
25-01-2018 17:00,88
25-01-2018 18:00,84.7
25-01-2018 19:00,104.5454545
25-01-2018 20:00,111.6363636
25-01-2018 21:00,129.8181818
25-01-2018 22:00,162.9090909
25-01-2018 23:00,195.9090909
26-01-2018 00:00,199.4545455
26-01-2018 01:00,220.1
26-01-2018 02:00,222.0909091
26-01-2018 03:00,243.2727273
26-01-2018 04:00,257.5454545
26-01-2018 05:00,254.6363636
26-01-2018 06:00,255.5
26-01-2018 07:00,290.3
26-01-2018 08:00,237.2222222
26-01-2018 09:00,217.8888889
26-01-2018 10:00,172.7777778
26-01-2018 11:00,110.9
26-01-2018 12:00,109.1
26-01-2018 13:00,121.8
26-01-2018 14:00,127.8
26-01-2018 15:00,123.8
26-01-2018 16:00,117.4
26-01-2018 17:00,86.81818182
26-01-2018 18:00,83
26-01-2018 19:00,109.6666667
26-01-2018 20:00,125.5
26-01-2018 21:00,142.4166667
26-01-2018 22:00,179
26-01-2018 23:00,203.9166667
27-01-2018 00:00,214.4545455
27-01-2018 01:00,229.2
27-01-2018 02:00,225.7272727
27-01-2018 03:00,252.1818182
27-01-2018 04:00,259.7272727
27-01-2018 05:00,268.8
27-01-2018 06:00,273.5555556
27-01-2018 07:00,291.8888889
27-01-2018 08:00,212.875
27-01-2018 09:00,179.375
27-01-2018 10:00,151.875
27-01-2018 11:00,186
27-01-2018 12:00,344
27-01-2018 13:00,350
27-01-2018 14:00,362
27-01-2018 15:00,380
27-01-2018 16:00,322
27-01-2018 17:00,169
27-01-2018 18:00,225
27-01-2018 19:00,320
27-01-2018 20:00,308
27-01-2018 21:00,301
27-01-2018 22:00,322
27-01-2018 23:00,403
28-01-2018 00:00,395
28-01-2018 01:00,419
28-01-2018 02:00,432
28-01-2018 03:00,406
28-01-2018 04:00,326
28-01-2018 05:00,173
28-01-2018 06:00,147
28-01-2018 07:00,192
28-01-2018 08:00,100
28-01-2018 09:00,77
28-01-2018 10:00,91
28-01-2018 11:00,168
28-01-2018 12:00,309
28-01-2018 13:00,326
28-01-2018 14:00,310
28-01-2018 15:00,223
28-01-2018 16:00,196
28-01-2018 17:00,89
28-01-2018 18:00,82
28-01-2018 19:00,193
28-01-2018 20:00,301
28-01-2018 21:00,328
28-01-2018 22:00,365
28-01-2018 23:00,406
29-01-2018 00:00,405
29-01-2018 01:00,386
29-01-2018 02:00,381
29-01-2018 03:00,357
29-01-2018 04:00,346
29-01-2018 05:00,379
29-01-2018 06:00,373
29-01-2018 07:00,394
29-01-2018 08:00,222
29-01-2018 09:00,99
29-01-2018 10:00,83
29-01-2018 11:00,113
29-01-2018 12:00,223
29-01-2018 13:00,219
29-01-2018 14:00,149
29-01-2018 15:00,134
29-01-2018 16:00,151
29-01-2018 17:00,70
29-01-2018 18:00,68
29-01-2018 19:00,74
29-01-2018 20:00,151
29-01-2018 21:00,311
29-01-2018 22:00,318
29-01-2018 23:00,356
30-01-2018 00:00,338
30-01-2018 01:00,310
30-01-2018 02:00,311.5714286
30-01-2018 03:00,308.7142857
30-01-2018 04:00,358
30-01-2018 05:00,345
30-01-2018 06:00,371
30-01-2018 07:00,385
30-01-2018 08:00,358
30-01-2018 09:00,307
30-01-2018 10:00,147
30-01-2018 11:00,92
30-01-2018 12:00,93
30-01-2018 13:00,73
30-01-2018 14:00,42
30-01-2018 15:00,58
30-01-2018 16:00,55
30-01-2018 17:00,51
30-01-2018 18:00,66
30-01-2018 19:00,95
30-01-2018 20:00,184
30-01-2018 21:00,190
30-01-2018 22:00,115
30-01-2018 23:00,153
31-01-2018 00:00,188
31-01-2018 01:00,223
31-01-2018 02:00,283
31-01-2018 03:00,332
31-01-2018 04:00,332
31-01-2018 05:00,304
31-01-2018 06:00,341
31-01-2018 07:00,344
31-01-2018 08:00,315
31-01-2018 09:00,310
31-01-2018 10:00,298
31-01-2018 11:00,290
31-01-2018 12:00,154
31-01-2018 13:00,95
31-01-2018 14:00,86
31-01-2018 15:00,81
31-01-2018 16:00,102
31-01-2018 17:00,88
31-01-2018 18:00,102
31-01-2018 19:00,162
31-01-2018 20:00,279
31-01-2018 21:00,315
31-01-2018 22:00,367
31-01-2018 23:00,372
01-02-2018 00:00,385
01-02-2018 01:00,316
01-02-2018 02:00,266
01-02-2018 03:00,89
01-02-2018 04:00,185
01-02-2018 05:00,93
01-02-2018 06:00,153
01-02-2018 07:00,304
01-02-2018 08:00,210
01-02-2018 09:00,233
01-02-2018 10:00,341
01-02-2018 11:00,328
01-02-2018 12:00,245
01-02-2018 13:00,130
01-02-2018 14:00,69
01-02-2018 15:00,67
01-02-2018 16:00,59
01-02-2018 17:00,83
01-02-2018 18:00,80
01-02-2018 19:00,114
01-02-2018 20:00,135
01-02-2018 21:00,199
01-02-2018 22:00,326
01-02-2018 23:00,383
02-02-2018 00:00,363
02-02-2018 01:00,292
02-02-2018 02:00,234
02-02-2018 03:00,182
02-02-2018 04:00,318
02-02-2018 05:00,320
02-02-2018 06:00,328
02-02-2018 07:00,355
02-02-2018 08:00,374
02-02-2018 09:00,368
02-02-2018 10:00,383
02-02-2018 11:00,264
02-02-2018 12:00,16
02-02-2018 13:00,20
02-02-2018 14:00,8
02-02-2018 15:00,5
02-02-2018 16:00,46
02-02-2018 17:00,49
02-02-2018 18:00,71
02-02-2018 19:00,77
02-02-2018 20:00,98
02-02-2018 21:00,189
02-02-2018 22:00,314
02-02-2018 23:00,307
03-02-2018 00:00,284
03-02-2018 01:00,171
03-02-2018 02:00,248
03-02-2018 03:00,128
03-02-2018 04:00,149
03-02-2018 05:00,175
03-02-2018 06:00,190
03-02-2018 07:00,312
03-02-2018 08:00,323
03-02-2018 09:00,327
03-02-2018 10:00,350
03-02-2018 11:00,326
03-02-2018 12:00,233
03-02-2018 13:00,27
03-02-2018 14:00,20
03-02-2018 15:00,22
03-02-2018 16:00,53
03-02-2018 17:00,52
03-02-2018 18:00,40
03-02-2018 19:00,43
03-02-2018 20:00,61
03-02-2018 21:00,179
03-02-2018 22:00,218
03-02-2018 23:00,318
04-02-2018 00:00,329
04-02-2018 01:00,301
04-02-2018 02:00,198
04-02-2018 03:00,279
04-02-2018 04:00,271
04-02-2018 05:00,302
04-02-2018 06:00,308
04-02-2018 07:00,384
04-02-2018 08:00,346
04-02-2018 09:00,303
04-02-2018 10:00,340
04-02-2018 11:00,323
04-02-2018 12:00,145
04-02-2018 13:00,4
04-02-2018 14:00,13
04-02-2018 15:00,36
04-02-2018 16:00,49
04-02-2018 17:00,33
04-02-2018 18:00,36
04-02-2018 19:00,59
04-02-2018 20:00,100
04-02-2018 21:00,233
04-02-2018 22:00,327
04-02-2018 23:00,321
05-02-2018 00:00,312
05-02-2018 01:00,214
05-02-2018 02:00,320
05-02-2018 03:00,330
05-02-2018 04:00,337
05-02-2018 05:00,312
05-02-2018 06:00,315
05-02-2018 07:00,366
05-02-2018 08:00,337
05-02-2018 09:00,341
05-02-2018 10:00,317
05-02-2018 11:00,304
05-02-2018 12:00,219
05-02-2018 13:00,90
05-02-2018 14:00,52
05-02-2018 15:00,24
05-02-2018 16:00,49
05-02-2018 17:00,7
05-02-2018 18:00,37
05-02-2018 19:00,60
05-02-2018 20:00,141
05-02-2018 21:00,316
05-02-2018 22:00,322
05-02-2018 23:00,347
06-02-2018 00:00,324
06-02-2018 01:00,324
06-02-2018 02:00,326
06-02-2018 03:00,334
06-02-2018 04:00,332
06-02-2018 05:00,343
06-02-2018 06:00,201
06-02-2018 07:00,345
06-02-2018 08:00,327
06-02-2018 09:00,302
06-02-2018 10:00,305
06-02-2018 11:00,171
06-02-2018 12:00,80
06-02-2018 13:00,114
06-02-2018 14:00,78
06-02-2018 15:00,53
06-02-2018 16:00,36
06-02-2018 17:00,30
06-02-2018 18:00,67
06-02-2018 19:00,94
06-02-2018 20:00,125
06-02-2018 21:00,97
06-02-2018 22:00,152
06-02-2018 23:00,171
07-02-2018 00:00,311
07-02-2018 01:00,363
07-02-2018 02:00,359
07-02-2018 03:00,324
07-02-2018 04:00,272
07-02-2018 05:00,189
07-02-2018 06:00,241
07-02-2018 07:00,332
07-02-2018 08:00,316
07-02-2018 09:00,271
07-02-2018 10:00,258
07-02-2018 11:00,248
07-02-2018 12:00,142
07-02-2018 13:00,82
07-02-2018 14:00,68
07-02-2018 15:00,47
07-02-2018 16:00,76
07-02-2018 17:00,57
07-02-2018 18:00,59
07-02-2018 19:00,87
07-02-2018 20:00,84
07-02-2018 21:00,147
07-02-2018 22:00,232
07-02-2018 23:00,335
08-02-2018 00:00,341
08-02-2018 01:00,351
08-02-2018 02:00,353
08-02-2018 03:00,357
08-02-2018 04:00,354
08-02-2018 05:00,330
08-02-2018 06:00,365
08-02-2018 07:00,401
08-02-2018 08:00,351
08-02-2018 09:00,353
08-02-2018 10:00,359
08-02-2018 11:00,346
08-02-2018 12:00,267
08-02-2018 13:00,117
08-02-2018 14:00,70
08-02-2018 15:00,47
08-02-2018 16:00,47
08-02-2018 17:00,38
08-02-2018 18:00,77
08-02-2018 19:00,143
08-02-2018 20:00,171
08-02-2018 21:00,225
08-02-2018 22:00,312
08-02-2018 23:00,331
09-02-2018 00:00,326
09-02-2018 01:00,330
09-02-2018 02:00,337
09-02-2018 03:00,333
09-02-2018 04:00,366
09-02-2018 05:00,372
09-02-2018 06:00,396
09-02-2018 07:00,360
09-02-2018 08:00,364
09-02-2018 09:00,338
09-02-2018 10:00,344
09-02-2018 11:00,346
09-02-2018 12:00,318
09-02-2018 13:00,56
09-02-2018 14:00,95
09-02-2018 15:00,77
09-02-2018 16:00,66
09-02-2018 17:00,66
09-02-2018 18:00,70
09-02-2018 19:00,105
09-02-2018 20:00,180
09-02-2018 21:00,295
09-02-2018 22:00,350
09-02-2018 23:00,360
10-02-2018 00:00,321
10-02-2018 01:00,307
10-02-2018 02:00,310
10-02-2018 03:00,316
10-02-2018 04:00,337
10-02-2018 05:00,361
10-02-2018 06:00,384
10-02-2018 07:00,405
10-02-2018 08:00,390
10-02-2018 09:00,368
10-02-2018 10:00,354
10-02-2018 11:00,306
10-02-2018 12:00,210
10-02-2018 13:00,117
10-02-2018 14:00,153
10-02-2018 15:00,150
10-02-2018 16:00,135
10-02-2018 17:00,237
10-02-2018 18:00,105
10-02-2018 19:00,102.1052632
10-02-2018 20:00,138.1666667
10-02-2018 21:00,310
10-02-2018 22:00,321
10-02-2018 23:00,313
11-02-2018 00:00,277
11-02-2018 01:00,289
11-02-2018 02:00,303
11-02-2018 03:00,311
11-02-2018 04:00,336
11-02-2018 05:00,307
11-02-2018 06:00,213
11-02-2018 07:00,200
11-02-2018 08:00,302
11-02-2018 09:00,298
11-02-2018 10:00,163
11-02-2018 11:00,89
11-02-2018 12:00,132
11-02-2018 13:00,95
11-02-2018 14:00,119
11-02-2018 15:00,94
11-02-2018 16:00,74
11-02-2018 17:00,47
11-02-2018 18:00,56
11-02-2018 19:00,76
11-02-2018 20:00,132.5555556
11-02-2018 21:00,175.9473684
11-02-2018 22:00,198.5263158
11-02-2018 23:00,219.4736842
12-02-2018 00:00,228.3157895
12-02-2018 01:00,208.7894737
12-02-2018 02:00,224.5789474
12-02-2018 03:00,67
12-02-2018 04:00,51
12-02-2018 05:00,50
12-02-2018 06:00,105
12-02-2018 07:00,137
12-02-2018 08:00,113
12-02-2018 09:00,88
12-02-2018 10:00,87
12-02-2018 11:00,80
12-02-2018 12:00,90
12-02-2018 13:00,148
12-02-2018 14:00,125
12-02-2018 15:00,114
12-02-2018 16:00,84
12-02-2018 17:00,77
12-02-2018 18:00,64
12-02-2018 19:00,73
12-02-2018 20:00,88
12-02-2018 21:00,61
12-02-2018 22:00,58
12-02-2018 23:00,63
13-02-2018 00:00,69
13-02-2018 01:00,81
13-02-2018 02:00,77
13-02-2018 03:00,71
13-02-2018 04:00,71
13-02-2018 05:00,74
13-02-2018 06:00,105
13-02-2018 07:00,151
13-02-2018 08:00,226
13-02-2018 09:00,136
13-02-2018 10:00,92
13-02-2018 11:00,79
13-02-2018 12:00,98
13-02-2018 13:00,132
13-02-2018 14:00,78.70588235
13-02-2018 15:00,277
13-02-2018 16:00,176
13-02-2018 17:00,149
13-02-2018 18:00,117
13-02-2018 19:00,143
13-02-2018 20:00,169
13-02-2018 21:00,170
13-02-2018 22:00,136
13-02-2018 23:00,114
14-02-2018 00:00,93
14-02-2018 01:00,88
14-02-2018 02:00,88
14-02-2018 03:00,113
14-02-2018 04:00,71
14-02-2018 05:00,44
14-02-2018 06:00,95
14-02-2018 07:00,247
14-02-2018 08:00,313
14-02-2018 09:00,293
14-02-2018 10:00,295
14-02-2018 11:00,196
14-02-2018 12:00,11
14-02-2018 13:00,96.5
14-02-2018 14:00,5
14-02-2018 15:00,27
14-02-2018 16:00,24
14-02-2018 17:00,18
14-02-2018 18:00,44
14-02-2018 19:00,61
14-02-2018 20:00,69
14-02-2018 21:00,68
14-02-2018 22:00,96
14-02-2018 23:00,93
15-02-2018 00:00,208
15-02-2018 01:00,198
15-02-2018 02:00,136
15-02-2018 03:00,192
15-02-2018 04:00,213
15-02-2018 05:00,313
15-02-2018 06:00,314
15-02-2018 07:00,335
15-02-2018 08:00,311
15-02-2018 09:00,302
15-02-2018 10:00,256
15-02-2018 11:00,48
15-02-2018 12:00,123.4375
15-02-2018 13:00,100.4666667
15-02-2018 14:00,93
15-02-2018 15:00,89
15-02-2018 16:00,78
15-02-2018 17:00,71
15-02-2018 18:00,63
15-02-2018 19:00,75
15-02-2018 20:00,87
15-02-2018 21:00,83
15-02-2018 22:00,163
15-02-2018 23:00,182
16-02-2018 00:00,177
16-02-2018 01:00,206
16-02-2018 02:00,278
16-02-2018 03:00,242
16-02-2018 04:00,308
16-02-2018 05:00,308
16-02-2018 06:00,320
16-02-2018 07:00,344
16-02-2018 08:00,335
16-02-2018 09:00,248
16-02-2018 10:00,28
16-02-2018 11:00,44
16-02-2018 12:00,63
16-02-2018 13:00,93
16-02-2018 14:00,108
16-02-2018 15:00,117
16-02-2018 16:00,74
16-02-2018 17:00,94
16-02-2018 18:00,98
16-02-2018 19:00,118
16-02-2018 20:00,131
16-02-2018 21:00,192
16-02-2018 22:00,274
16-02-2018 23:00,247
17-02-2018 00:00,209
17-02-2018 01:00,234
17-02-2018 02:00,325
17-02-2018 03:00,334
17-02-2018 04:00,301
17-02-2018 05:00,241
17-02-2018 06:00,180
17-02-2018 07:00,244
17-02-2018 08:00,170
17-02-2018 09:00,106
17-02-2018 10:00,115
17-02-2018 11:00,134
17-02-2018 12:00,196
17-02-2018 13:00,118
17-02-2018 14:00,95
17-02-2018 15:00,87
17-02-2018 16:00,70
17-02-2018 17:00,65
17-02-2018 18:00,100
17-02-2018 19:00,126
17-02-2018 20:00,107
17-02-2018 21:00,150
17-02-2018 22:00,228
17-02-2018 23:00,257
18-02-2018 00:00,226
18-02-2018 01:00,282
18-02-2018 02:00,323
18-02-2018 03:00,384
18-02-2018 04:00,363
18-02-2018 05:00,292.6428571
18-02-2018 06:00,358
18-02-2018 07:00,339.2142857
18-02-2018 08:00,5
18-02-2018 09:00,29
18-02-2018 10:00,184
18-02-2018 11:00,306
18-02-2018 12:00,149
18-02-2018 13:00,16
18-02-2018 14:00,45
18-02-2018 15:00,77
18-02-2018 16:00,94
18-02-2018 17:00,26
18-02-2018 18:00,28
18-02-2018 19:00,76
18-02-2018 20:00,95
18-02-2018 21:00,137
18-02-2018 22:00,194
18-02-2018 23:00,235
19-02-2018 00:00,239
19-02-2018 01:00,314
19-02-2018 02:00,382
19-02-2018 03:00,362
19-02-2018 04:00,346
19-02-2018 05:00,334
19-02-2018 06:00,332
19-02-2018 07:00,385
19-02-2018 08:00,337
19-02-2018 09:00,306
19-02-2018 10:00,217
19-02-2018 11:00,139
19-02-2018 12:00,49
19-02-2018 13:00,59
19-02-2018 14:00,80
19-02-2018 15:00,74
19-02-2018 16:00,121.2857143
19-02-2018 17:00,82.53333333
19-02-2018 18:00,97.6
19-02-2018 19:00,115.4
19-02-2018 20:00,152
19-02-2018 21:00,189
19-02-2018 22:00,289
19-02-2018 23:00,314
20-02-2018 00:00,358
20-02-2018 01:00,366
20-02-2018 02:00,365
20-02-2018 03:00,340
20-02-2018 04:00,373
20-02-2018 05:00,360
20-02-2018 06:00,348
20-02-2018 07:00,333
20-02-2018 08:00,240
20-02-2018 09:00,211
20-02-2018 10:00,293
20-02-2018 11:00,163
20-02-2018 12:00,90
20-02-2018 13:00,104
20-02-2018 14:00,127
20-02-2018 15:00,94
20-02-2018 16:00,71
20-02-2018 17:00,46
20-02-2018 18:00,58
20-02-2018 19:00,79
20-02-2018 20:00,137
20-02-2018 21:00,147
20-02-2018 22:00,171
20-02-2018 23:00,284
21-02-2018 00:00,343
21-02-2018 01:00,371
21-02-2018 02:00,345
21-02-2018 03:00,323
21-02-2018 04:00,321
21-02-2018 05:00,334
21-02-2018 06:00,338
21-02-2018 07:00,377
21-02-2018 08:00,335
21-02-2018 09:00,303
21-02-2018 10:00,249
21-02-2018 11:00,168
21-02-2018 12:00,132
21-02-2018 13:00,65
21-02-2018 14:00,54
21-02-2018 15:00,121
21-02-2018 16:00,127
21-02-2018 17:00,110
21-02-2018 18:00,93
21-02-2018 19:00,94
21-02-2018 20:00,163
21-02-2018 21:00,327
21-02-2018 22:00,327
21-02-2018 23:00,329
22-02-2018 00:00,318
22-02-2018 01:00,319
22-02-2018 02:00,297
22-02-2018 03:00,330
22-02-2018 04:00,372
22-02-2018 05:00,414
22-02-2018 06:00,402
22-02-2018 07:00,369
22-02-2018 08:00,357
22-02-2018 09:00,404
22-02-2018 10:00,387
22-02-2018 11:00,273
22-02-2018 12:00,66
22-02-2018 13:00,32
22-02-2018 14:00,40
22-02-2018 15:00,101.5454545
22-02-2018 16:00,36
22-02-2018 17:00,53
22-02-2018 18:00,88
22-02-2018 19:00,83
22-02-2018 20:00,128
22-02-2018 21:00,218
22-02-2018 22:00,205
22-02-2018 23:00,137
23-02-2018 00:00,196
23-02-2018 01:00,223
23-02-2018 02:00,239
23-02-2018 03:00,267
23-02-2018 04:00,150
23-02-2018 05:00,222
23-02-2018 06:00,240
23-02-2018 07:00,316
23-02-2018 08:00,318
23-02-2018 09:00,342
23-02-2018 10:00,337
23-02-2018 11:00,301
23-02-2018 12:00,175
23-02-2018 13:00,208
23-02-2018 14:00,258
23-02-2018 15:00,202
23-02-2018 16:00,171
23-02-2018 17:00,151
23-02-2018 18:00,112
23-02-2018 19:00,149
23-02-2018 20:00,175
23-02-2018 21:00,206
23-02-2018 22:00,244
23-02-2018 23:00,315
24-02-2018 00:00,312
24-02-2018 01:00,315
24-02-2018 02:00,308
24-02-2018 03:00,312
24-02-2018 04:00,305
24-02-2018 05:00,309
24-02-2018 06:00,322
24-02-2018 07:00,351
24-02-2018 08:00,344
24-02-2018 09:00,328
24-02-2018 10:00,236
24-02-2018 11:00,128
24-02-2018 12:00,90
24-02-2018 13:00,132
24-02-2018 14:00,143
24-02-2018 15:00,100
24-02-2018 16:00,156
24-02-2018 17:00,187
24-02-2018 18:00,131
24-02-2018 19:00,261
24-02-2018 20:00,288
24-02-2018 21:00,307
24-02-2018 22:00,312
24-02-2018 23:00,316
25-02-2018 00:00,316
25-02-2018 01:00,325
25-02-2018 02:00,326
25-02-2018 03:00,359
25-02-2018 04:00,346
25-02-2018 05:00,342
25-02-2018 06:00,320
25-02-2018 07:00,333
25-02-2018 08:00,193
25-02-2018 09:00,91
25-02-2018 10:00,148
25-02-2018 11:00,253
25-02-2018 12:00,169
25-02-2018 13:00,153
25-02-2018 14:00,110
25-02-2018 15:00,101
25-02-2018 16:00,108
25-02-2018 17:00,66
25-02-2018 18:00,64
25-02-2018 19:00,62
25-02-2018 20:00,63
25-02-2018 21:00,74
25-02-2018 22:00,86
25-02-2018 23:00,83
26-02-2018 00:00,71
26-02-2018 01:00,73
26-02-2018 02:00,59
26-02-2018 03:00,50
26-02-2018 04:00,86
26-02-2018 05:00,250
26-02-2018 06:00,309
26-02-2018 07:00,271
26-02-2018 08:00,162
26-02-2018 09:00,173
26-02-2018 10:00,220
26-02-2018 11:00,29
26-02-2018 12:00,2
26-02-2018 13:00,10
26-02-2018 14:00,43
26-02-2018 15:00,65
26-02-2018 16:00,63
26-02-2018 17:00,47
26-02-2018 18:00,30
26-02-2018 19:00,50
26-02-2018 20:00,40
26-02-2018 21:00,64
26-02-2018 22:00,131
26-02-2018 23:00,96
27-02-2018 00:00,52
27-02-2018 01:00,47
27-02-2018 02:00,72
27-02-2018 03:00,109
27-02-2018 04:00,197
27-02-2018 05:00,114
27-02-2018 06:00,42
27-02-2018 07:00,121
27-02-2018 08:00,162
27-02-2018 09:00,285
27-02-2018 10:00,162
27-02-2018 11:00,58
27-02-2018 12:00,28
27-02-2018 13:00,59
27-02-2018 14:00,56
27-02-2018 15:00,77
27-02-2018 16:00,82
27-02-2018 17:00,75
27-02-2018 18:00,91
27-02-2018 19:00,72
27-02-2018 20:00,84
27-02-2018 21:00,108
27-02-2018 22:00,188
27-02-2018 23:00,261
28-02-2018 00:00,270
28-02-2018 01:00,235
28-02-2018 02:00,317
28-02-2018 03:00,347
28-02-2018 04:00,362
28-02-2018 05:00,344
28-02-2018 06:00,355
28-02-2018 07:00,356
28-02-2018 08:00,349
28-02-2018 09:00,284
28-02-2018 10:00,208
28-02-2018 11:00,78
28-02-2018 12:00,37
28-02-2018 13:00,67
28-02-2018 14:00,96
28-02-2018 15:00,112
28-02-2018 16:00,97
28-02-2018 17:00,136
28-02-2018 18:00,92
28-02-2018 19:00,94
28-02-2018 20:00,126
28-02-2018 21:00,117
28-02-2018 22:00,171
28-02-2018 23:00,152
01-03-2018 00:00,149
01-03-2018 01:00,249
01-03-2018 02:00,277
01-03-2018 03:00,283
01-03-2018 04:00,309
01-03-2018 05:00,303
01-03-2018 06:00,333
01-03-2018 07:00,357
01-03-2018 08:00,354
01-03-2018 09:00,370
01-03-2018 10:00,317
01-03-2018 11:00,229
01-03-2018 12:00,28
01-03-2018 13:00,50
01-03-2018 14:00,95
01-03-2018 15:00,51
01-03-2018 16:00,90
01-03-2018 17:00,49
01-03-2018 18:00,35
01-03-2018 19:00,41
01-03-2018 20:00,53
01-03-2018 21:00,63
01-03-2018 22:00,117
01-03-2018 23:00,195
02-03-2018 00:00,251
02-03-2018 01:00,312
02-03-2018 02:00,328
02-03-2018 03:00,325
02-03-2018 04:00,308
02-03-2018 05:00,245
02-03-2018 06:00,241
02-03-2018 07:00,319
02-03-2018 08:00,311
02-03-2018 09:00,289
02-03-2018 10:00,222
02-03-2018 11:00,196
02-03-2018 12:00,171
02-03-2018 13:00,320
02-03-2018 14:00,150
02-03-2018 15:00,80
02-03-2018 16:00,71
02-03-2018 17:00,59
02-03-2018 18:00,49
02-03-2018 19:00,65
02-03-2018 20:00,75
02-03-2018 21:00,102
02-03-2018 22:00,163
02-03-2018 23:00,139
03-03-2018 00:00,228
03-03-2018 01:00,312
03-03-2018 02:00,301
03-03-2018 03:00,231
03-03-2018 04:00,266
03-03-2018 05:00,177
03-03-2018 06:00,302
03-03-2018 07:00,335
03-03-2018 08:00,232
03-03-2018 09:00,81
03-03-2018 10:00,172
03-03-2018 11:00,134
03-03-2018 12:00,28
03-03-2018 13:00,54
03-03-2018 14:00,42
03-03-2018 15:00,49
03-03-2018 16:00,59
03-03-2018 17:00,51
03-03-2018 18:00,61
03-03-2018 19:00,82
03-03-2018 20:00,69
03-03-2018 21:00,84
03-03-2018 22:00,79
03-03-2018 23:00,121
04-03-2018 00:00,194
04-03-2018 01:00,218
04-03-2018 02:00,309
04-03-2018 03:00,88
04-03-2018 04:00,75
04-03-2018 05:00,128
04-03-2018 06:00,113
04-03-2018 07:00,88
04-03-2018 08:00,89
04-03-2018 09:00,74
04-03-2018 10:00,76
04-03-2018 11:00,73
04-03-2018 12:00,46
04-03-2018 13:00,245
04-03-2018 14:00,189
04-03-2018 15:00,82
04-03-2018 16:00,28
04-03-2018 17:00,43
04-03-2018 18:00,34
04-03-2018 19:00,40
04-03-2018 20:00,46
04-03-2018 21:00,49
04-03-2018 22:00,66
04-03-2018 23:00,232
05-03-2018 00:00,288
05-03-2018 01:00,168
05-03-2018 02:00,95
05-03-2018 03:00,63
05-03-2018 04:00,123
05-03-2018 05:00,143
05-03-2018 06:00,216
05-03-2018 07:00,236
05-03-2018 08:00,216
05-03-2018 09:00,249
05-03-2018 10:00,114
05-03-2018 11:00,40
05-03-2018 12:00,19
05-03-2018 13:00,22
05-03-2018 14:00,46
05-03-2018 15:00,44
05-03-2018 16:00,51
05-03-2018 17:00,47
05-03-2018 18:00,26
05-03-2018 19:00,29
05-03-2018 20:00,41
05-03-2018 21:00,58
05-03-2018 22:00,92
05-03-2018 23:00,129
06-03-2018 00:00,99
06-03-2018 01:00,70
06-03-2018 02:00,66
06-03-2018 03:00,53
06-03-2018 04:00,129
06-03-2018 05:00,182
06-03-2018 06:00,162
06-03-2018 07:00,96
06-03-2018 08:00,88
06-03-2018 09:00,163
06-03-2018 10:00,126
06-03-2018 11:00,72
06-03-2018 12:00,62
06-03-2018 13:00,65
06-03-2018 14:00,51
06-03-2018 15:00,56
06-03-2018 16:00,41
06-03-2018 17:00,34
06-03-2018 18:00,28
06-03-2018 19:00,34
06-03-2018 20:00,50
06-03-2018 21:00,88
06-03-2018 22:00,163
06-03-2018 23:00,287
07-03-2018 00:00,174
07-03-2018 01:00,172
07-03-2018 02:00,235
07-03-2018 03:00,289
07-03-2018 04:00,145
07-03-2018 05:00,315
07-03-2018 06:00,328
07-03-2018 07:00,311
07-03-2018 08:00,198
07-03-2018 09:00,91
07-03-2018 10:00,31
07-03-2018 11:00,60
07-03-2018 12:00,81
07-03-2018 13:00,36
07-03-2018 14:00,40
07-03-2018 15:00,50
07-03-2018 16:00,60
07-03-2018 17:00,30
07-03-2018 18:00,41
07-03-2018 19:00,46
07-03-2018 20:00,62
07-03-2018 21:00,71
07-03-2018 22:00,123
07-03-2018 23:00,162
08-03-2018 00:00,186
08-03-2018 01:00,235
08-03-2018 02:00,254.4736842
08-03-2018 03:00,248
08-03-2018 04:00,249.6842105
08-03-2018 05:00,257.7368421
08-03-2018 06:00,258.0526316
08-03-2018 07:00,276.5789474
08-03-2018 08:00,249.4210526
08-03-2018 09:00,231.6842105
08-03-2018 10:00,216.2631579
08-03-2018 11:00,202.7894737
08-03-2018 12:00,84
08-03-2018 13:00,100
08-03-2018 14:00,61
08-03-2018 15:00,73
08-03-2018 16:00,64
08-03-2018 17:00,66
08-03-2018 18:00,43
08-03-2018 19:00,101
08-03-2018 20:00,97
08-03-2018 21:00,156
08-03-2018 22:00,154
08-03-2018 23:00,156
09-03-2018 00:00,265
09-03-2018 01:00,287
09-03-2018 02:00,304
09-03-2018 03:00,317
09-03-2018 04:00,350
09-03-2018 05:00,335
09-03-2018 06:00,344
09-03-2018 07:00,348
09-03-2018 08:00,340
09-03-2018 09:00,364
09-03-2018 10:00,342
09-03-2018 11:00,256
09-03-2018 12:00,86
09-03-2018 13:00,84
09-03-2018 14:00,64
09-03-2018 15:00,89
09-03-2018 16:00,63
09-03-2018 17:00,39
09-03-2018 18:00,34
09-03-2018 19:00,64
09-03-2018 20:00,71
09-03-2018 21:00,111
09-03-2018 22:00,176
09-03-2018 23:00,181
10-03-2018 00:00,252
10-03-2018 01:00,254
10-03-2018 02:00,134
10-03-2018 03:00,74
10-03-2018 04:00,115
10-03-2018 05:00,171
10-03-2018 06:00,271
10-03-2018 07:00,222
10-03-2018 08:00,89
10-03-2018 09:00,69
10-03-2018 10:00,136
10-03-2018 11:00,105
10-03-2018 12:00,112
10-03-2018 13:00,50
10-03-2018 14:00,41
10-03-2018 15:00,49
10-03-2018 16:00,45
10-03-2018 17:00,28
10-03-2018 18:00,27
10-03-2018 19:00,57
10-03-2018 20:00,67
10-03-2018 21:00,67
10-03-2018 22:00,143
10-03-2018 23:00,114
11-03-2018 00:00,103
11-03-2018 01:00,79
11-03-2018 02:00,85
11-03-2018 03:00,124
11-03-2018 04:00,151
11-03-2018 05:00,240
11-03-2018 06:00,227
11-03-2018 07:00,195
11-03-2018 08:00,153
11-03-2018 09:00,120
11-03-2018 10:00,75
11-03-2018 11:00,122
11-03-2018 12:00,128
11-03-2018 13:00,100
11-03-2018 14:00,82
11-03-2018 15:00,60
11-03-2018 16:00,55
11-03-2018 17:00,44
11-03-2018 18:00,54
11-03-2018 19:00,61
11-03-2018 20:00,54
11-03-2018 21:00,77
11-03-2018 22:00,147
11-03-2018 23:00,186
12-03-2018 00:00,249
12-03-2018 01:00,221
12-03-2018 02:00,262
12-03-2018 03:00,316
12-03-2018 04:00,282
12-03-2018 05:00,319
12-03-2018 06:00,309
12-03-2018 07:00,289
12-03-2018 08:00,317
12-03-2018 09:00,319
12-03-2018 10:00,262
12-03-2018 11:00,36
12-03-2018 12:00,53
12-03-2018 13:00,80
12-03-2018 14:00,65
12-03-2018 15:00,67
12-03-2018 16:00,53
12-03-2018 17:00,32
12-03-2018 18:00,40
12-03-2018 19:00,51
12-03-2018 20:00,65
12-03-2018 21:00,96
12-03-2018 22:00,141
12-03-2018 23:00,211
13-03-2018 00:00,161
13-03-2018 01:00,138
13-03-2018 02:00,161
13-03-2018 03:00,310
13-03-2018 04:00,322
13-03-2018 05:00,338
13-03-2018 06:00,304
13-03-2018 07:00,336
13-03-2018 08:00,281
13-03-2018 09:00,264
13-03-2018 10:00,212
13-03-2018 11:00,100
13-03-2018 12:00,109
13-03-2018 13:00,70
13-03-2018 14:00,43
13-03-2018 15:00,55
13-03-2018 16:00,60
13-03-2018 17:00,32
13-03-2018 18:00,35
13-03-2018 19:00,40
13-03-2018 20:00,65
13-03-2018 21:00,112
13-03-2018 22:00,126
13-03-2018 23:00,99
14-03-2018 00:00,151
14-03-2018 01:00,150
14-03-2018 02:00,236
14-03-2018 03:00,261
14-03-2018 04:00,247
14-03-2018 05:00,277
14-03-2018 06:00,146
14-03-2018 07:00,159
14-03-2018 08:00,181
14-03-2018 09:00,159
14-03-2018 10:00,97
14-03-2018 11:00,46
14-03-2018 12:00,50
14-03-2018 13:00,42
14-03-2018 14:00,79
14-03-2018 15:00,56
14-03-2018 16:00,53
14-03-2018 17:00,50
14-03-2018 18:00,39
14-03-2018 19:00,47
14-03-2018 20:00,71
14-03-2018 21:00,94
14-03-2018 22:00,143
14-03-2018 23:00,174
15-03-2018 00:00,179
15-03-2018 01:00,225
15-03-2018 02:00,306
15-03-2018 03:00,319
15-03-2018 04:00,317
15-03-2018 05:00,338
15-03-2018 06:00,175
15-03-2018 07:00,171
15-03-2018 08:00,107
15-03-2018 09:00,104
15-03-2018 10:00,42
15-03-2018 11:00,28
15-03-2018 12:00,22
15-03-2018 13:00,55
15-03-2018 14:00,84.35714286
15-03-2018 15:00,94.1875
15-03-2018 16:00,91.125
15-03-2018 17:00,70.25
15-03-2018 18:00,91.5625
15-03-2018 19:00,112.9411765
15-03-2018 20:00,135.3529412
15-03-2018 21:00,162.0588235
15-03-2018 22:00,194.8235294
15-03-2018 23:00,219.8235294
16-03-2018 00:00,239.5294118
16-03-2018 01:00,240
16-03-2018 02:00,266.7647059
16-03-2018 03:00,278.75
16-03-2018 04:00,287.75
16-03-2018 05:00,289.4666667
16-03-2018 06:00,272.5
16-03-2018 07:00,293
16-03-2018 08:00,239.875
16-03-2018 09:00,213.6875
16-03-2018 10:00,195.125
16-03-2018 11:00,168
16-03-2018 12:00,129.4
16-03-2018 13:00,97.78571429
16-03-2018 14:00,90.85714286
16-03-2018 15:00,87.06666667
16-03-2018 16:00,87.73333333
16-03-2018 17:00,69.5
16-03-2018 18:00,96
16-03-2018 19:00,49
16-03-2018 20:00,80
16-03-2018 21:00,68
16-03-2018 22:00,82
16-03-2018 23:00,91
17-03-2018 00:00,100
17-03-2018 01:00,85
17-03-2018 02:00,184
17-03-2018 03:00,199
17-03-2018 04:00,310
17-03-2018 05:00,316
17-03-2018 06:00,316
17-03-2018 07:00,310
17-03-2018 08:00,197
17-03-2018 09:00,86
17-03-2018 10:00,53
17-03-2018 11:00,52
17-03-2018 12:00,42
17-03-2018 13:00,36
17-03-2018 14:00,42
17-03-2018 15:00,51
17-03-2018 16:00,36
17-03-2018 17:00,30
17-03-2018 18:00,38
17-03-2018 19:00,43
17-03-2018 20:00,38
17-03-2018 21:00,65
17-03-2018 22:00,112
17-03-2018 23:00,138
18-03-2018 00:00,117
18-03-2018 01:00,85
18-03-2018 02:00,139
18-03-2018 03:00,264
18-03-2018 04:00,304
18-03-2018 05:00,316
18-03-2018 06:00,311
18-03-2018 07:00,288
18-03-2018 08:00,139
18-03-2018 09:00,48
18-03-2018 10:00,50
18-03-2018 11:00,18
18-03-2018 12:00,43
18-03-2018 13:00,66
18-03-2018 14:00,56
18-03-2018 15:00,36
18-03-2018 16:00,45
18-03-2018 17:00,32
18-03-2018 18:00,26
18-03-2018 19:00,31
18-03-2018 20:00,57
18-03-2018 21:00,87
18-03-2018 22:00,83
18-03-2018 23:00,98
19-03-2018 00:00,85
19-03-2018 01:00,71
19-03-2018 02:00,80
19-03-2018 03:00,96
19-03-2018 04:00,130
19-03-2018 05:00,104
19-03-2018 06:00,126
19-03-2018 07:00,313
19-03-2018 08:00,305
19-03-2018 09:00,294
19-03-2018 10:00,378
19-03-2018 11:00,147
19-03-2018 12:00,76
19-03-2018 13:00,70
19-03-2018 14:00,69
19-03-2018 15:00,45
19-03-2018 16:00,74
19-03-2018 17:00,31
19-03-2018 18:00,31
19-03-2018 19:00,45
19-03-2018 20:00,102
19-03-2018 21:00,109
19-03-2018 22:00,136
19-03-2018 23:00,61
20-03-2018 00:00,44
20-03-2018 01:00,78
20-03-2018 02:00,143
20-03-2018 03:00,221
20-03-2018 04:00,304
20-03-2018 05:00,324
20-03-2018 06:00,333
20-03-2018 07:00,322
20-03-2018 08:00,309
20-03-2018 09:00,281
20-03-2018 10:00,272
20-03-2018 11:00,175
20-03-2018 12:00,45
20-03-2018 13:00,71
20-03-2018 14:00,152
20-03-2018 15:00,215
20-03-2018 16:00,96
20-03-2018 17:00,3
20-03-2018 18:00,5
20-03-2018 19:00,68
20-03-2018 20:00,175
20-03-2018 21:00,199
20-03-2018 22:00,90
20-03-2018 23:00,91
21-03-2018 00:00,116
21-03-2018 01:00,183
21-03-2018 02:00,202
21-03-2018 03:00,305
21-03-2018 04:00,320
21-03-2018 05:00,317
21-03-2018 06:00,301.1428571
21-03-2018 07:00,349.6428571
21-03-2018 08:00,324.5
21-03-2018 09:00,309.7333333
21-03-2018 10:00,295.4
21-03-2018 11:00,216.6666667
21-03-2018 12:00,141.8
21-03-2018 13:00,105.2142857
21-03-2018 14:00,111.5714286
21-03-2018 15:00,111.8461538
21-03-2018 16:00,113.2307692
21-03-2018 17:00,96.38461538
21-03-2018 18:00,98.61538462
21-03-2018 19:00,110.8461538
21-03-2018 20:00,157.7142857
21-03-2018 21:00,206.6428571
21-03-2018 22:00,222.5714286
21-03-2018 23:00,235.2857143
22-03-2018 00:00,247.0714286
22-03-2018 01:00,262.3846154
22-03-2018 02:00,269.9230769
22-03-2018 03:00,279.7692308
22-03-2018 04:00,289.2307692
22-03-2018 05:00,295.6153846
22-03-2018 06:00,300.3333333
22-03-2018 07:00,341.0833333
22-03-2018 08:00,322.25
22-03-2018 09:00,349
22-03-2018 10:00,340
22-03-2018 11:00,311
22-03-2018 12:00,183
22-03-2018 13:00,73
22-03-2018 14:00,33
22-03-2018 15:00,18
22-03-2018 16:00,68
22-03-2018 17:00,77
22-03-2018 18:00,85
22-03-2018 19:00,81
22-03-2018 20:00,50
22-03-2018 21:00,50
22-03-2018 22:00,46
22-03-2018 23:00,59
23-03-2018 00:00,83
23-03-2018 01:00,89
23-03-2018 02:00,74
23-03-2018 03:00,68
23-03-2018 04:00,86
23-03-2018 05:00,74
23-03-2018 06:00,103
23-03-2018 07:00,247
23-03-2018 08:00,274
23-03-2018 09:00,250
23-03-2018 10:00,138
23-03-2018 11:00,51
23-03-2018 12:00,7
23-03-2018 13:00,23
23-03-2018 14:00,35
23-03-2018 15:00,51
23-03-2018 16:00,52
23-03-2018 17:00,43
23-03-2018 18:00,48
23-03-2018 19:00,45
23-03-2018 20:00,40
23-03-2018 21:00,53
23-03-2018 22:00,84
23-03-2018 23:00,149
24-03-2018 00:00,143
24-03-2018 01:00,131
24-03-2018 02:00,151
24-03-2018 03:00,46
24-03-2018 04:00,147
24-03-2018 05:00,183
24-03-2018 06:00,144
24-03-2018 07:00,319
24-03-2018 08:00,310
24-03-2018 09:00,297
24-03-2018 10:00,187
24-03-2018 11:00,35
24-03-2018 12:00,6
24-03-2018 13:00,21
24-03-2018 14:00,43
24-03-2018 15:00,64
24-03-2018 16:00,58
24-03-2018 17:00,48
24-03-2018 18:00,30
24-03-2018 19:00,35
24-03-2018 20:00,53
24-03-2018 21:00,65
24-03-2018 22:00,109
24-03-2018 23:00,112
25-03-2018 00:00,69
25-03-2018 01:00,186.2
25-03-2018 02:00,72
25-03-2018 03:00,245
25-03-2018 04:00,243
25-03-2018 05:00,334
25-03-2018 06:00,240.5
25-03-2018 07:00,292.2
25-03-2018 08:00,255.3333333
25-03-2018 09:00,245.4444444
25-03-2018 10:00,210.8888889
25-03-2018 11:00,143.8
25-03-2018 12:00,117.4
25-03-2018 13:00,113
25-03-2018 14:00,124
25-03-2018 15:00,122.1111111
25-03-2018 16:00,117.5555556
25-03-2018 17:00,88
25-03-2018 18:00,84.7
25-03-2018 19:00,42
25-03-2018 20:00,53
25-03-2018 21:00,52
25-03-2018 22:00,77
25-03-2018 23:00,78
26-03-2018 00:00,90
26-03-2018 01:00,108
26-03-2018 02:00,147
26-03-2018 03:00,148
26-03-2018 04:00,188
26-03-2018 05:00,185
26-03-2018 06:00,311
26-03-2018 07:00,323
26-03-2018 08:00,229
26-03-2018 09:00,128
26-03-2018 10:00,149
26-03-2018 11:00,92
26-03-2018 12:00,53
26-03-2018 13:00,61
26-03-2018 14:00,66
26-03-2018 15:00,59
26-03-2018 16:00,46
26-03-2018 17:00,48
26-03-2018 18:00,55
26-03-2018 19:00,64
26-03-2018 20:00,57
26-03-2018 21:00,116
26-03-2018 22:00,129
26-03-2018 23:00,184
27-03-2018 00:00,252
27-03-2018 01:00,238
27-03-2018 02:00,248
27-03-2018 03:00,345
27-03-2018 04:00,330
27-03-2018 05:00,249
27-03-2018 06:00,291
27-03-2018 07:00,325
27-03-2018 08:00,212.875
27-03-2018 09:00,179.375
27-03-2018 10:00,151.875
27-03-2018 11:00,117.6666667
27-03-2018 12:00,135.3333333
27-03-2018 13:00,131.1
27-03-2018 14:00,128.1
27-03-2018 15:00,127.6
27-03-2018 16:00,115.8
27-03-2018 17:00,46
27-03-2018 18:00,61
27-03-2018 19:00,50
27-03-2018 20:00,67
27-03-2018 21:00,82
27-03-2018 22:00,110
27-03-2018 23:00,158
28-03-2018 00:00,224
28-03-2018 01:00,310
28-03-2018 02:00,311
28-03-2018 03:00,309
28-03-2018 04:00,303
28-03-2018 05:00,318
28-03-2018 06:00,314
28-03-2018 07:00,312
28-03-2018 08:00,286
28-03-2018 09:00,298
28-03-2018 10:00,154
28-03-2018 11:00,82
28-03-2018 12:00,53
28-03-2018 13:00,39
28-03-2018 14:00,49
28-03-2018 15:00,57
28-03-2018 16:00,46
28-03-2018 17:00,44
28-03-2018 18:00,52
28-03-2018 19:00,73
28-03-2018 20:00,66
28-03-2018 21:00,95
28-03-2018 22:00,148
28-03-2018 23:00,198
29-03-2018 00:00,215
29-03-2018 01:00,151
29-03-2018 02:00,118
29-03-2018 03:00,99
29-03-2018 04:00,130
29-03-2018 05:00,278.25
29-03-2018 06:00,279.25
29-03-2018 07:00,303.625
29-03-2018 08:00,256
29-03-2018 09:00,237.1428571
29-03-2018 10:00,163.2857143
29-03-2018 11:00,126.6666667
29-03-2018 12:00,144.3333333
29-03-2018 13:00,27
29-03-2018 14:00,40
29-03-2018 15:00,68
29-03-2018 16:00,47
29-03-2018 17:00,42
29-03-2018 18:00,43
29-03-2018 19:00,63
29-03-2018 20:00,95
29-03-2018 21:00,146
29-03-2018 22:00,97
29-03-2018 23:00,105
30-03-2018 00:00,128
30-03-2018 01:00,320
30-03-2018 02:00,339
30-03-2018 03:00,311
30-03-2018 04:00,109
30-03-2018 05:00,310.5
30-03-2018 06:00,316.8333333
30-03-2018 07:00,330.5
30-03-2018 08:00,271.6666667
30-03-2018 09:00,229.1666667
30-03-2018 10:00,163.5
30-03-2018 11:00,128
30-03-2018 12:00,132.4285714
30-03-2018 13:00,112
30-03-2018 14:00,104.75
30-03-2018 15:00,107.375
30-03-2018 16:00,98.75
30-03-2018 17:00,78
30-03-2018 18:00,69.625
30-03-2018 19:00,102.5
30-03-2018 20:00,156.25
30-03-2018 21:00,195.375
30-03-2018 22:00,211.75
30-03-2018 23:00,239.625
31-03-2018 00:00,254.8
31-03-2018 01:00,278
31-03-2018 02:00,280.25
31-03-2018 03:00,274.75
31-03-2018 04:00,255
31-03-2018 05:00,342.6666667
31-03-2018 06:00,361.6666667
31-03-2018 07:00,374.3333333
31-03-2018 08:00,298.3333333
31-03-2018 09:00,238.6666667
31-03-2018 10:00,176
31-03-2018 11:00,73
31-03-2018 12:00,58
31-03-2018 13:00,50
31-03-2018 14:00,66
31-03-2018 15:00,126
31-03-2018 16:00,96
31-03-2018 17:00,104
31-03-2018 18:00,52
31-03-2018 19:00,66
31-03-2018 20:00,48
31-03-2018 21:00,61
31-03-2018 22:00,113
31-03-2018 23:00,175
01-04-2018 00:00,153
01-04-2018 01:00,101
01-04-2018 02:00,81
01-04-2018 03:00,78
01-04-2018 04:00,95
01-04-2018 05:00,84
01-04-2018 06:00,109
01-04-2018 07:00,126
01-04-2018 08:00,291.8181818
01-04-2018 09:00,263.4545455
01-04-2018 10:00,269.6363636
01-04-2018 11:00,249.0909091
01-04-2018 12:00,188.4545455
01-04-2018 13:00,181.8181818
01-04-2018 14:00,157.4545455
01-04-2018 15:00,133.1818182
01-04-2018 16:00,140.3636364
01-04-2018 17:00,135.0909091
01-04-2018 18:00,148.9090909
01-04-2018 19:00,165.9090909
01-04-2018 20:00,178.2727273
01-04-2018 21:00,198.7272727
01-04-2018 22:00,240.6363636
01-04-2018 23:00,183
02-04-2018 00:00,174
02-04-2018 01:00,141
02-04-2018 02:00,87
02-04-2018 03:00,86
02-04-2018 04:00,90
02-04-2018 05:00,129
02-04-2018 06:00,161
02-04-2018 07:00,182
02-04-2018 08:00,117
02-04-2018 09:00,98
02-04-2018 10:00,88
02-04-2018 11:00,97
02-04-2018 12:00,119
02-04-2018 13:00,108
02-04-2018 14:00,71
02-04-2018 15:00,72
02-04-2018 16:00,67
02-04-2018 17:00,84
02-04-2018 18:00,123
02-04-2018 19:00,108
02-04-2018 20:00,90
02-04-2018 21:00,60
02-04-2018 22:00,85
02-04-2018 23:00,119
03-04-2018 00:00,176
03-04-2018 01:00,215
03-04-2018 02:00,224
03-04-2018 03:00,129
03-04-2018 04:00,122
03-04-2018 05:00,106
03-04-2018 06:00,149
03-04-2018 07:00,292
03-04-2018 08:00,254
03-04-2018 09:00,149
03-04-2018 10:00,88
03-04-2018 11:00,79
03-04-2018 12:00,96
03-04-2018 13:00,135
03-04-2018 14:00,110
03-04-2018 15:00,75
03-04-2018 16:00,53
03-04-2018 17:00,61
03-04-2018 18:00,69
03-04-2018 19:00,98
03-04-2018 20:00,150
03-04-2018 21:00,110
03-04-2018 22:00,147
03-04-2018 23:00,154
04-04-2018 00:00,136
04-04-2018 01:00,176
04-04-2018 02:00,230
04-04-2018 03:00,250
04-04-2018 04:00,176
04-04-2018 05:00,150
04-04-2018 06:00,123
04-04-2018 07:00,233
04-04-2018 08:00,215
04-04-2018 09:00,246
04-04-2018 10:00,184
04-04-2018 11:00,124
04-04-2018 12:00,62
04-04-2018 13:00,116
04-04-2018 14:00,144
04-04-2018 15:00,132
04-04-2018 16:00,70
04-04-2018 17:00,58
04-04-2018 18:00,73
04-04-2018 19:00,95
04-04-2018 20:00,190
04-04-2018 21:00,221
04-04-2018 22:00,231
04-04-2018 23:00,185
05-04-2018 00:00,273
05-04-2018 01:00,308
05-04-2018 02:00,345
05-04-2018 03:00,361
05-04-2018 04:00,382
05-04-2018 05:00,375
05-04-2018 06:00,412
05-04-2018 07:00,413
05-04-2018 08:00,401
05-04-2018 09:00,384
05-04-2018 10:00,364
05-04-2018 11:00,308
05-04-2018 12:00,53
05-04-2018 13:00,40
05-04-2018 14:00,67
05-04-2018 15:00,107
05-04-2018 16:00,83
05-04-2018 17:00,51
05-04-2018 18:00,27
05-04-2018 19:00,35
05-04-2018 20:00,49
05-04-2018 21:00,182
05-04-2018 22:00,187
05-04-2018 23:00,178
06-04-2018 00:00,188
06-04-2018 01:00,219
06-04-2018 02:00,154
06-04-2018 03:00,129
06-04-2018 04:00,221
06-04-2018 05:00,211
06-04-2018 06:00,142
06-04-2018 07:00,120
06-04-2018 08:00,178
06-04-2018 09:00,146
06-04-2018 10:00,101
06-04-2018 11:00,150
06-04-2018 12:00,75
06-04-2018 13:00,53
06-04-2018 14:00,58
06-04-2018 15:00,128
06-04-2018 16:00,140
06-04-2018 17:00,136
06-04-2018 18:00,75
06-04-2018 19:00,48
06-04-2018 20:00,151.7894737
06-04-2018 21:00,201
06-04-2018 22:00,3
06-04-2018 23:00,40
07-04-2018 00:00,58
07-04-2018 01:00,12
07-04-2018 02:00,4
07-04-2018 03:00,10
07-04-2018 04:00,36
07-04-2018 05:00,61
07-04-2018 06:00,79
07-04-2018 07:00,132
07-04-2018 08:00,53
07-04-2018 09:00,22
07-04-2018 10:00,68
07-04-2018 11:00,81
07-04-2018 12:00,73
07-04-2018 13:00,64
07-04-2018 14:00,40
07-04-2018 15:00,55
07-04-2018 16:00,61
07-04-2018 17:00,71
07-04-2018 18:00,81
07-04-2018 19:00,70
07-04-2018 20:00,45
07-04-2018 21:00,44
07-04-2018 22:00,64
07-04-2018 23:00,95
08-04-2018 00:00,90
08-04-2018 01:00,147
08-04-2018 02:00,49
08-04-2018 03:00,37
08-04-2018 04:00,32
08-04-2018 05:00,43
08-04-2018 06:00,56
08-04-2018 07:00,95
08-04-2018 08:00,64
08-04-2018 09:00,49
08-04-2018 10:00,45
08-04-2018 11:00,70
08-04-2018 12:00,79
08-04-2018 13:00,76
08-04-2018 14:00,71
08-04-2018 15:00,49
08-04-2018 16:00,41
08-04-2018 17:00,56
08-04-2018 18:00,90
08-04-2018 19:00,83
08-04-2018 20:00,70
08-04-2018 21:00,38
08-04-2018 22:00,32
08-04-2018 23:00,41
09-04-2018 00:00,72
09-04-2018 01:00,77
09-04-2018 02:00,96
09-04-2018 03:00,84
09-04-2018 04:00,52
09-04-2018 05:00,48
09-04-2018 06:00,69
09-04-2018 07:00,111
09-04-2018 08:00,140
09-04-2018 09:00,101
09-04-2018 10:00,35
09-04-2018 11:00,2
09-04-2018 12:00,5
09-04-2018 13:00,36
09-04-2018 14:00,52
09-04-2018 15:00,58
09-04-2018 16:00,19
09-04-2018 17:00,7
09-04-2018 18:00,25
09-04-2018 19:00,42
09-04-2018 20:00,94
09-04-2018 21:00,127
09-04-2018 22:00,113
09-04-2018 23:00,92
10-04-2018 00:00,151
10-04-2018 01:00,114
10-04-2018 02:00,201
10-04-2018 03:00,232
10-04-2018 04:00,166
10-04-2018 05:00,97
10-04-2018 06:00,124
10-04-2018 07:00,178
10-04-2018 08:00,200
10-04-2018 09:00,225
10-04-2018 10:00,97
10-04-2018 11:00,70
10-04-2018 12:00,54
10-04-2018 13:00,69
10-04-2018 14:00,126
10-04-2018 15:00,120
10-04-2018 16:00,106
10-04-2018 17:00,52
10-04-2018 18:00,58
10-04-2018 19:00,44
10-04-2018 20:00,78
10-04-2018 21:00,118
10-04-2018 22:00,85
10-04-2018 23:00,50
11-04-2018 00:00,24
11-04-2018 01:00,45
11-04-2018 02:00,69
11-04-2018 03:00,90
11-04-2018 04:00,99
11-04-2018 05:00,79
11-04-2018 06:00,35
11-04-2018 07:00,39
11-04-2018 08:00,21
11-04-2018 09:00,83
11-04-2018 10:00,83
11-04-2018 11:00,85
11-04-2018 12:00,64
11-04-2018 13:00,40
11-04-2018 14:00,52
11-04-2018 15:00,81
11-04-2018 16:00,103
11-04-2018 17:00,69
11-04-2018 18:00,28
11-04-2018 19:00,6
11-04-2018 20:00,17
11-04-2018 21:00,17
11-04-2018 22:00,27
11-04-2018 23:00,46
12-04-2018 00:00,35
12-04-2018 01:00,14
12-04-2018 02:00,25
12-04-2018 03:00,23
12-04-2018 04:00,86
12-04-2018 05:00,27
12-04-2018 06:00,21
12-04-2018 07:00,1
12-04-2018 08:00,8
12-04-2018 09:00,34
12-04-2018 10:00,76
12-04-2018 11:00,71
12-04-2018 12:00,77
12-04-2018 13:00,57
12-04-2018 14:00,36
12-04-2018 15:00,66
12-04-2018 16:00,63
12-04-2018 17:00,37
12-04-2018 18:00,29
12-04-2018 19:00,28
12-04-2018 20:00,49
12-04-2018 21:00,63
12-04-2018 22:00,69
12-04-2018 23:00,312
13-04-2018 00:00,261
13-04-2018 01:00,67
13-04-2018 02:00,70
13-04-2018 03:00,152
13-04-2018 04:00,115
13-04-2018 05:00,300
13-04-2018 06:00,228
13-04-2018 07:00,270
13-04-2018 08:00,247
13-04-2018 09:00,306
13-04-2018 10:00,177
13-04-2018 11:00,52
13-04-2018 12:00,14
13-04-2018 13:00,9
13-04-2018 14:00,12
13-04-2018 15:00,56
13-04-2018 16:00,35
13-04-2018 17:00,11
13-04-2018 18:00,60
13-04-2018 19:00,47
13-04-2018 20:00,44
13-04-2018 21:00,59
13-04-2018 22:00,72
13-04-2018 23:00,182
14-04-2018 00:00,324
14-04-2018 01:00,291
14-04-2018 02:00,282
14-04-2018 03:00,156
14-04-2018 04:00,160
14-04-2018 05:00,220
14-04-2018 06:00,262
14-04-2018 07:00,307
14-04-2018 08:00,308
14-04-2018 09:00,326
14-04-2018 10:00,277
14-04-2018 11:00,96
14-04-2018 12:00,45
14-04-2018 13:00,11
14-04-2018 14:00,79.26666667
14-04-2018 15:00,4
14-04-2018 16:00,12
14-04-2018 17:00,19
14-04-2018 18:00,17
14-04-2018 19:00,42
14-04-2018 20:00,46
14-04-2018 21:00,61
14-04-2018 22:00,100
14-04-2018 23:00,160
15-04-2018 00:00,234
15-04-2018 01:00,187
15-04-2018 02:00,183
15-04-2018 03:00,204
15-04-2018 04:00,321
15-04-2018 05:00,301
15-04-2018 06:00,326
15-04-2018 07:00,356
15-04-2018 08:00,345
15-04-2018 09:00,316
15-04-2018 10:00,175
15-04-2018 11:00,141
15-04-2018 12:00,27
15-04-2018 13:00,9
15-04-2018 14:00,8
15-04-2018 15:00,19
15-04-2018 16:00,36
15-04-2018 17:00,39
15-04-2018 18:00,34
15-04-2018 19:00,50
15-04-2018 20:00,55
15-04-2018 21:00,63
15-04-2018 22:00,110
15-04-2018 23:00,88
16-04-2018 00:00,118
16-04-2018 01:00,180
16-04-2018 02:00,278
16-04-2018 03:00,278.75
16-04-2018 04:00,287.75
16-04-2018 05:00,289.4666667
16-04-2018 06:00,272.5
16-04-2018 07:00,293
16-04-2018 08:00,239.875
16-04-2018 09:00,213.6875
16-04-2018 10:00,195.125
16-04-2018 11:00,168
16-04-2018 12:00,129.4
16-04-2018 13:00,97.78571429
16-04-2018 14:00,90.85714286
16-04-2018 15:00,87.06666667
16-04-2018 16:00,87.73333333
16-04-2018 17:00,69.5
16-04-2018 18:00,96
16-04-2018 19:00,117.9411765
16-04-2018 20:00,137.7058824
16-04-2018 21:00,162.2941176
16-04-2018 22:00,198.8823529
16-04-2018 23:00,225.2352941
17-04-2018 00:00,234.1176471
17-04-2018 01:00,239.0588235
17-04-2018 02:00,262.7647059
17-04-2018 03:00,281.9375
17-04-2018 04:00,296.875
17-04-2018 05:00,296
17-04-2018 06:00,298.0625
17-04-2018 07:00,324.0666667
17-04-2018 08:00,257.5625
17-04-2018 09:00,219
17-04-2018 10:00,201.6875
17-04-2018 11:00,172.9375
17-04-2018 12:00,145.0666667
17-04-2018 13:00,110.6666667
17-04-2018 14:00,106.3333333
17-04-2018 15:00,107.7333333
17-04-2018 16:00,114.4285714
17-04-2018 17:00,86.66666667
17-04-2018 18:00,112.4666667
17-04-2018 19:00,125.75
17-04-2018 20:00,154.4117647
17-04-2018 21:00,176.8235294
17-04-2018 22:00,215.4117647
17-04-2018 23:00,229.8235294
18-04-2018 00:00,227.4705882
18-04-2018 01:00,240.5625
18-04-2018 02:00,270.4375
18-04-2018 03:00,295.0666667
18-04-2018 04:00,307.5333333
18-04-2018 05:00,292.6428571
18-04-2018 06:00,310.5333333
18-04-2018 07:00,339.2142857
18-04-2018 08:00,262.3333333
18-04-2018 09:00,218.0666667
18-04-2018 10:00,220.8666667
18-04-2018 11:00,191.8
18-04-2018 12:00,150.2
18-04-2018 13:00,118.1333333
18-04-2018 14:00,120.7333333
18-04-2018 15:00,123.0666667
18-04-2018 16:00,119.3571429
18-04-2018 17:00,24
18-04-2018 18:00,9
18-04-2018 19:00,27
18-04-2018 20:00,26
18-04-2018 21:00,55
18-04-2018 22:00,81
18-04-2018 23:00,81
19-04-2018 00:00,79
19-04-2018 01:00,84
19-04-2018 02:00,88
19-04-2018 03:00,144
19-04-2018 04:00,125
19-04-2018 05:00,124
19-04-2018 06:00,211
19-04-2018 07:00,303
19-04-2018 08:00,242
19-04-2018 09:00,111
19-04-2018 10:00,132
19-04-2018 11:00,70
19-04-2018 12:00,53
19-04-2018 13:00,47
19-04-2018 14:00,54
19-04-2018 15:00,61
19-04-2018 16:00,66
19-04-2018 17:00,33
19-04-2018 18:00,40
19-04-2018 19:00,29
19-04-2018 20:00,57
19-04-2018 21:00,57
19-04-2018 22:00,75
19-04-2018 23:00,89
20-04-2018 00:00,92
